{"cameraMode":{"drawMode":0,"name":"Shaded","section":"Shading Mode"},"sceneLighting":true,"audioPlay":false,"sceneViewState":{"showFog":true,"showMaterialUpdate":true,"showSkybox":true,"showFlares":true,"showImageEffects":true,"showParticleSystems":true},"in2DMode":false,"pivot":{"x":-55.1102294921875,"y":-14.041885375976563,"z":-33.873416900634769},"rotation":{"x":-0.012920004315674305,"y":-0.9449114203453064,"z":0.32556039094924929,"w":-0.03646989166736603},"size":32.94767379760742,"orthographic":false}