{"cameraMode":{"drawMode":0,"name":"Shaded","section":"Shading Mode"},"sceneLighting":true,"audioPlay":false,"sceneViewState":{"showFog":true,"showMaterialUpdate":true,"showSkybox":true,"showFlares":true,"showImageEffects":true,"showParticleSystems":true},"in2DMode":false,"pivot":{"x":19.50093650817871,"y":2.737204074859619,"z":-8.447361946105957},"rotation":{"x":0.03066716156899929,"y":0.9325436949729919,"z":-0.0816284716129303,"w":0.35040488839149477},"size":5.715770721435547,"orthographic":false}