{"cameraMode":{"drawMode":0,"name":"Shaded","section":"Shading Mode"},"sceneLighting":true,"audioPlay":false,"sceneViewState":{"showFog":true,"showMaterialUpdate":true,"showSkybox":true,"showFlares":true,"showImageEffects":true,"showParticleSystems":true},"in2DMode":false,"pivot":{"x":41.25600814819336,"y":0.989763081073761,"z":2.8657097816467287},"rotation":{"x":0.06070195138454437,"y":-0.6090371012687683,"z":0.04697350785136223,"w":0.7896446585655212},"size":32.94767379760742,"orthographic":false}