{"cameraMode":{"drawMode":0,"name":"Shaded","section":"Shading Mode"},"sceneLighting":true,"audioPlay":false,"sceneViewState":{"showFog":true,"showMaterialUpdate":true,"showSkybox":true,"showFlares":true,"showImageEffects":true,"showParticleSystems":true},"in2DMode":false,"pivot":{"x":461.00836181640627,"y":334.5723571777344,"z":-241.69041442871095},"rotation":{"x":-0.09061109274625778,"y":0.3606223464012146,"z":-0.03656856715679169,"w":-0.9279900789260864},"size":2233.533447265625,"orthographic":false}