{"cameraMode":{"drawMode":0,"name":"Shaded","section":"Shading Mode"},"sceneLighting":true,"audioPlay":false,"sceneViewState":{"showFog":true,"showMaterialUpdate":true,"showSkybox":true,"showFlares":true,"showImageEffects":true,"showParticleSystems":true},"in2DMode":false,"pivot":{"x":-16.011157989501954,"y":14.117279052734375,"z":-10.658218383789063},"rotation":{"x":0.0024678281042724849,"y":0.9844887256622315,"z":-0.17487971484661103,"w":0.013892489485442639},"size":70.71500396728516,"orthographic":false}