{"cameraMode":{"drawMode":0,"name":"Shaded","section":"Shading Mode"},"sceneLighting":true,"audioPlay":false,"sceneViewState":{"showFog":true,"showMaterialUpdate":true,"showSkybox":true,"showFlares":true,"showImageEffects":true,"showParticleSystems":true},"in2DMode":false,"pivot":{"x":67.8005142211914,"y":1.7136614322662354,"z":-2.2149176597595217},"rotation":{"x":-0.08708760887384415,"y":0.7918818593025208,"z":-0.11823706328868866,"w":-0.5933672189712524},"size":6.259092807769775,"orthographic":false}