{"cameraMode":{"drawMode":0,"name":"Shaded","section":"Shading Mode"},"sceneLighting":true,"audioPlay":false,"sceneViewState":{"showFog":true,"showMaterialUpdate":true,"showSkybox":true,"showFlares":true,"showImageEffects":true,"showParticleSystems":true},"in2DMode":false,"pivot":{"x":61.456993103027347,"y":1.6816773414611817,"z":2.1549408435821535},"rotation":{"x":0.062068600207567218,"y":-0.852438747882843,"z":0.10798761248588562,"w":0.5084352493286133},"size":4.626121520996094,"orthographic":false}