{"cameraMode":{"drawMode":0,"name":"Shaded","section":"Shading Mode"},"sceneLighting":true,"audioPlay":false,"sceneViewState":{"showFog":true,"showMaterialUpdate":true,"showSkybox":true,"showFlares":true,"showImageEffects":true,"showParticleSystems":true},"in2DMode":false,"pivot":{"x":55.08671951293945,"y":12.42042350769043,"z":19.153404235839845},"rotation":{"x":0.026087209582328798,"y":-0.4766855239868164,"z":-0.014165973290801049,"w":-0.8786914348602295},"size":58.030338287353519,"orthographic":false}