{"cameraMode":{"drawMode":0,"name":"Shaded","section":"Shading Mode"},"sceneLighting":true,"audioPlay":false,"sceneViewState":{"showFog":true,"showMaterialUpdate":true,"showSkybox":true,"showFlares":true,"showImageEffects":true,"showParticleSystems":true},"in2DMode":false,"pivot":{"x":47.48439025878906,"y":2.4095561504364015,"z":0.878441333770752},"rotation":{"x":0.010552274994552136,"y":-0.4369967579841614,"z":0.0064871967770159248,"w":0.8997740149497986},"size":11.88071060180664,"orthographic":false}