{"cameraMode":{"drawMode":0,"name":"Shaded","section":"Shading Mode"},"sceneLighting":true,"audioPlay":false,"sceneViewState":{"showFog":true,"showMaterialUpdate":true,"showSkybox":true,"showFlares":true,"showImageEffects":true,"showParticleSystems":true},"in2DMode":false,"pivot":{"x":-19.551843643188478,"y":5.4554524421691898,"z":7.409653186798096},"rotation":{"x":0.002727967919781804,"y":-0.9813108444213867,"z":0.19260944426059724,"w":0.013794916681945324},"size":7.334012508392334,"orthographic":false}