{"cameraMode":{"drawMode":0,"name":"Shaded","section":"Shading Mode"},"sceneLighting":true,"audioPlay":false,"sceneViewState":{"showFog":true,"showMaterialUpdate":true,"showSkybox":true,"showFlares":true,"showImageEffects":true,"showParticleSystems":true},"in2DMode":false,"pivot":{"x":70.80819702148438,"y":1.261627197265625,"z":0.4547889530658722},"rotation":{"x":0.04056338593363762,"y":0.860461950302124,"z":-0.06694964319467545,"w":0.5041888952255249},"size":3.25909161567688,"orthographic":false}