{"cameraMode":{"drawMode":0,"name":"Shaded","section":"Shading Mode"},"sceneLighting":true,"audioPlay":false,"sceneViewState":{"showFog":true,"showMaterialUpdate":true,"showSkybox":true,"showFlares":true,"showImageEffects":true,"showParticleSystems":true},"in2DMode":false,"pivot":{"x":-7.568836212158203,"y":-4.590187072753906,"z":-0.30492445826530459},"rotation":{"x":-0.07509250938892365,"y":0.7682933211326599,"z":-0.0917096734046936,"w":-0.6290407776832581},"size":9.310864448547364,"orthographic":false}