{"cameraMode":{"drawMode":0,"name":"Shaded","section":"Shading Mode"},"sceneLighting":true,"audioPlay":false,"sceneViewState":{"showFog":true,"showMaterialUpdate":true,"showSkybox":true,"showFlares":true,"showImageEffects":true,"showParticleSystems":true},"in2DMode":false,"pivot":{"x":-51.24734878540039,"y":2.7210628986358644,"z":-5.304634094238281},"rotation":{"x":0.002296926686540246,"y":0.9706646203994751,"z":-0.001304027158766985,"w":0.24164099991321565},"size":9.223518371582032,"orthographic":false}